{"textures":{"0":"erethon:entity/deer/deer_male"},"display":{"head":{"translation":[0,-6.4,0],"scale":[4.0,4.0,4.0]}},"elements":[{"light_emission":0.0,"from":[6.0,6.0,3.5999997],"to":[10.0,9.799999,7.2],"faces":{"north":{"uv":[3.2938,12.9762,5.7795,15.37],"texture":"#0","tintindex":0,"rotation":0},"east":{"uv":[11.8756,6.7625,14.4599,9.6188],"texture":"#0","tintindex":0,"rotation":0},"south":{"uv":[3.3286,13.1786,5.841,15.6101],"texture":"#0","tintindex":0,"rotation":0},"west":{"uv":[14.4599,6.7672,11.8756,9.6236],"texture":"#0","tintindex":0,"rotation":0},"up":{"uv":[5.9248,15.5625,3.4036,13.2851],"texture":"#0","tintindex":0,"rotation":0},"down":{"uv":[3.375,13.2275,5.875,15.4951],"texture":"#0","tintindex":0,"rotation":0}},"rotation":{"origin":[7.2,5.400044165557861,3.1999556902465818],"angle":0.0,"axis":"x"}},{"light_emission":0.0,"from":[6.0,6.2000003,7.2],"to":[10.0,10.0,12.0],"faces":{"north":{"uv":[2.4061,12.2772,4.8917,14.671],"texture":"#0","tintindex":0,"rotation":0},"east":{"uv":[14.8125,2.125,11.8876,4.5],"texture":"#0","tintindex":0,"rotation":0},"south":{"uv":[2.3917,12.2503,4.9041,14.6818],"texture":"#0","tintindex":0,"rotation":0},"west":{"uv":[11.8876,2.1084,14.8125,4.4648],"texture":"#0","tintindex":0,"rotation":0},"up":{"uv":[4.9112,15.3016,2.39,12.265],"texture":"#0","tintindex":0,"rotation":0},"down":{"uv":[2.3813,12.2551,4.8813,15.2785],"texture":"#0","tintindex":0,"rotation":0}},"rotation":{"origin":[7.4,5.400044165557861,8.799955690246582],"angle":0.0,"axis":"x"}},{"light_emission":0.0,"from":[7.4,7.4,12.0],"to":[8.6,9.4,12.4],"faces":{"north":{"uv":[8.5144,14.7401,9.2601,16.0],"texture":"#0","tintindex":0,"rotation":0},"east":{"uv":[8.4955,13.25,8.7132,14.5],"texture":"#0","tintindex":0,"rotation":0},"south":{"uv":[8.5102,13.4345,9.2327,14.7143],"texture":"#0","tintindex":0,"rotation":0},"west":{"uv":[8.9622,13.1465,9.2111,14.3867],"texture":"#0","tintindex":0,"rotation":0},"up":{"uv":[9.3284,14.6768,8.572,14.4238],"texture":"#0","tintindex":0,"rotation":0},"down":{"uv":[9.25,13.3535,8.5,13.6055],"texture":"#0","tintindex":0,"rotation":0}},"rotation":{"origin":[7.4,7.800044165557861,11.999955690246583],"angle":0.0,"axis":"x"}}]}