{"textures":{"0":"erethon:entity/deer/deer_male"},"display":{"head":{"translation":[0,-6.4,0],"scale":[4.0,4.0,4.0]}},"elements":[{"light_emission":0.0,"from":[3.6999998,6.6958494,8.9117],"to":[7.3,12.49585,8.9117],"rotation":{"origin":[7.7,6.09589367956543,8.511656129699706],"angle":25.0,"axis":"x"},"faces":{"north":{"uv":[0.1125,0.2469,2.3777,3.8788],"texture":"#0","tintindex":0,"rotation":0},"east":{"uv":[0.0,0.0,0.0,3.625],"texture":"#0","tintindex":0,"rotation":0},"south":{"uv":[2.3736,0.2469,0.1125,3.8769],"texture":"#0","tintindex":0,"rotation":0},"west":{"uv":[0.0,0.0,0.0,3.5967],"texture":"#0","tintindex":0,"rotation":0},"up":{"uv":[2.2691,0.0,0.0,0.0],"texture":"#0","tintindex":0,"rotation":0},"down":{"uv":[2.25,0.0,0.0,0.0],"texture":"#0","tintindex":0,"rotation":0}}},{"light_emission":0.0,"from":[6.1,7.09585,9.7117],"to":[6.7,8.895849,9.7117],"rotation":{"origin":[7.9,6.49589367956543,9.711656129699707],"angle":-35.0,"axis":"x"},"faces":{"north":{"uv":[1.9923,3.8694,2.3746,5.0033],"texture":"#0","tintindex":0,"rotation":0},"east":{"uv":[0.0,0.0,0.0,1.125],"texture":"#0","tintindex":0,"rotation":0},"south":{"uv":[2.3705,3.8707,1.9937,5.0225],"texture":"#0","tintindex":0,"rotation":0},"west":{"uv":[0.0,0.0,0.0,1.1162],"texture":"#0","tintindex":0,"rotation":0},"up":{"uv":[0.3782,0.0,0.0,0.0],"texture":"#0","tintindex":0,"rotation":0},"down":{"uv":[0.375,0.0,0.0,0.0],"texture":"#0","tintindex":0,"rotation":0}}},{"light_emission":0.0,"from":[4.5007,8.67585,10.8958],"to":[5.7007,10.27585,10.8958],"rotation":{"origin":[5.500684,8.67589367956543,10.895844129699707],"angle":42.0235,"axis":"z"},"faces":{"north":{"uv":[1.8712,3.9891,1.1255,4.9971],"texture":"#0","tintindex":0,"rotation":0},"east":{"uv":[0.0,0.0,0.0,1.0],"texture":"#0","tintindex":0,"rotation":0},"south":{"uv":[1.1268,3.983,1.8805,5.0068],"texture":"#0","tintindex":0,"rotation":0},"west":{"uv":[0.0,0.0,0.0,0.9922],"texture":"#0","tintindex":0,"rotation":0},"up":{"uv":[0.0,0.0,0.7564,0.0],"texture":"#0","tintindex":0,"rotation":0},"down":{"uv":[0.75,0.0,0.0,0.0],"texture":"#0","tintindex":0,"rotation":0}}},{"light_emission":0.0,"from":[3.9007,9.67585,11.6958],"to":[5.3007,12.67585,11.6958],"rotation":{"origin":[5.700684,9.875893679565433,11.695844129699708],"angle":16.3676,"axis":"z"},"faces":{"north":{"uv":[0.1344,3.9985,1.0043,5.8884],"texture":"#0","tintindex":0,"rotation":0},"east":{"uv":[0.0,0.0,0.0,1.875],"texture":"#0","tintindex":0,"rotation":0},"south":{"uv":[1.0137,3.9893,0.1344,5.8839],"texture":"#0","tintindex":0,"rotation":0},"west":{"uv":[0.0,0.0,0.0,1.8604],"texture":"#0","tintindex":0,"rotation":0},"up":{"uv":[0.8824,0.0,0.0,0.0],"texture":"#0","tintindex":0,"rotation":0},"down":{"uv":[0.0,0.0,0.875,0.0],"texture":"#0","tintindex":0,"rotation":0}}},{"light_emission":0.0,"from":[8.7,6.6958494,8.7117],"to":[12.3,12.49585,8.7117],"rotation":{"origin":[7.5,6.09589367956543,8.311656129699706],"angle":25.0,"axis":"x"},"faces":{"north":{"uv":[2.3777,0.2469,0.1125,3.8788],"texture":"#0","tintindex":0,"rotation":0},"east":{"uv":[0.0,0.0,0.0,3.625],"texture":"#0","tintindex":0,"rotation":0},"south":{"uv":[0.1125,0.2469,2.3736,3.8769],"texture":"#0","tintindex":0,"rotation":0},"west":{"uv":[0.0,0.0,0.0,3.5967],"texture":"#0","tintindex":0,"rotation":0},"up":{"uv":[0.0,0.0,2.2691,0.0],"texture":"#0","tintindex":0,"rotation":0},"down":{"uv":[0.0,0.0,2.25,0.0],"texture":"#0","tintindex":0,"rotation":0}}},{"light_emission":0.0,"from":[9.3,7.09585,9.5117],"to":[9.9,8.895849,9.5117],"rotation":{"origin":[7.3,6.49589367956543,9.511656129699707],"angle":-35.0,"axis":"x"},"faces":{"north":{"uv":[2.3714,3.8756,1.9892,5.0096],"texture":"#0","tintindex":0,"rotation":0},"east":{"uv":[0.0,0.0,0.0,1.125],"texture":"#0","tintindex":0,"rotation":0},"south":{"uv":[1.9937,3.8644,2.3705,5.0162],"texture":"#0","tintindex":0,"rotation":0},"west":{"uv":[0.0,0.0,0.0,1.1162],"texture":"#0","tintindex":0,"rotation":0},"up":{"uv":[0.0,0.0,0.3782,0.0],"texture":"#0","tintindex":0,"rotation":0},"down":{"uv":[0.0,0.0,0.375,0.0],"texture":"#0","tintindex":0,"rotation":0}}},{"light_emission":0.0,"from":[10.2993,8.67585,10.6958],"to":[11.4993,10.27585,10.6958],"rotation":{"origin":[9.699316,8.67589367956543,10.695844129699706],"angle":-42.0235,"axis":"z"},"faces":{"north":{"uv":[1.1255,3.9891,1.8712,4.9971],"texture":"#0","tintindex":0,"rotation":0},"east":{"uv":[0.0,0.0,0.0,1.0],"texture":"#0","tintindex":0,"rotation":0},"south":{"uv":[1.8805,3.983,1.1268,5.0068],"texture":"#0","tintindex":0,"rotation":0},"west":{"uv":[0.0,0.0,0.0,0.9922],"texture":"#0","tintindex":0,"rotation":0},"up":{"uv":[0.7564,0.0,0.0,0.0],"texture":"#0","tintindex":0,"rotation":0},"down":{"uv":[0.0,0.0,0.75,0.0],"texture":"#0","tintindex":0,"rotation":0}}},{"light_emission":0.0,"from":[10.6993,9.67585,11.4958],"to":[12.0993,12.67585,11.4958],"rotation":{"origin":[9.499316,9.875893679565433,11.495844129699707],"angle":-16.3676,"axis":"z"},"faces":{"north":{"uv":[1.0106,3.9923,0.1406,5.8821],"texture":"#0","tintindex":0,"rotation":0},"east":{"uv":[0.0,0.0,0.0,1.875],"texture":"#0","tintindex":0,"rotation":0},"south":{"uv":[0.1344,4.0049,1.0075,5.8902],"texture":"#0","tintindex":0,"rotation":0},"west":{"uv":[0.0,0.0,0.0,1.8604],"texture":"#0","tintindex":0,"rotation":0},"up":{"uv":[0.0,0.0,0.8824,0.0],"texture":"#0","tintindex":0,"rotation":0},"down":{"uv":[0.875,0.0,0.0,0.0],"texture":"#0","tintindex":0,"rotation":0}}},{"light_emission":0.0,"from":[7.04,4.9371614,5.1042],"to":[8.96,5.7371616,7.5042],"rotation":{"origin":[7.6,4.93720567956543,5.904200129699706],"angle":-25.0,"axis":"x"},"faces":{"north":{"uv":[8.4977,7.0357,8.9814,8.2643],"rotation":90.0,"texture":"#0","tintindex":0},"east":{"uv":[8.4955,6.75,8.9622,8.25],"rotation":180,"texture":"#0","tintindex":0},"south":{"uv":[10.5029,6.7598,11.0,7.9693],"rotation":90.0,"texture":"#0","tintindex":0},"west":{"uv":[11.0038,8.2355,10.5059,6.7473],"rotation":180,"texture":"#0","tintindex":0},"up":{"uv":[10.375,8.252,9.1375,6.7527],"texture":"#0","tintindex":0,"rotation":0},"down":{"uv":[10.375,8.2506,9.1273,6.7573],"texture":"#0","tintindex":0,"rotation":0}}},{"light_emission":0.0,"from":[7.0,3.7241497,4.8410997],"to":[9.0,5.32415,6.4411],"faces":{"north":{"uv":[5.2362,3.1259,6.4821,4.1308],"texture":"#0","tintindex":0,"rotation":0},"east":{"uv":[4.4998,10.5,5.5019,9.5],"texture":"#0","tintindex":0,"rotation":0},"south":{"uv":[6.2553,11.6208,4.9991,10.622],"texture":"#0","tintindex":0,"rotation":0},"west":{"uv":[5.7477,9.5008,6.7466,10.4992],"texture":"#0","tintindex":0,"rotation":0},"up":{"uv":[6.2467,9.3737,4.9986,8.374],"texture":"#0","tintindex":0,"rotation":0},"down":{"uv":[6.25,11.6252,5.0,10.6236],"texture":"#0","tintindex":0,"rotation":0}},"rotation":{"origin":[7.4,2.5241576795654304,3.241060129699706],"angle":0.0,"axis":"x"}},{"light_emission":0.0,"from":[7.4,3.32415,4.8410997],"to":[8.6,3.7241497,6.8411],"faces":{"north":{"uv":[3.2445,8.9976,2.4989,8.755],"texture":"#0","tintindex":0,"rotation":0},"east":{"uv":[13.4902,13.0031,12.2454,13.2531],"texture":"#0","tintindex":0,"rotation":0},"south":{"uv":[11.9963,11.3869,12.75,11.6429],"texture":"#0","tintindex":0,"rotation":0},"west":{"uv":[12.2454,13.0016,13.4902,13.2496],"texture":"#0","tintindex":0,"rotation":0},"up":{"uv":[3.2525,8.997,2.4962,8.7537],"texture":"#0","tintindex":0,"rotation":0},"down":{"uv":[12.75,11.2441,12.0,12.5039],"texture":"#0","tintindex":0,"rotation":0}},"rotation":{"origin":[7.4,2.12415767956543,3.241060129699706],"angle":0.0,"axis":"x"}},{"light_emission":0.0,"from":[6.2,3.7241497,6.4411],"to":[9.8,6.52415,9.841101],"faces":{"north":{"uv":[4.7547,2.3731,6.9917,4.1245],"texture":"#0","tintindex":0,"rotation":0},"east":{"uv":[2.4895,2.375,4.6243,4.125],"texture":"#0","tintindex":0,"rotation":0},"south":{"uv":[4.751,4.2484,6.9997,6.0057],"texture":"#0","tintindex":0,"rotation":0},"west":{"uv":[7.1263,2.3783,9.2455,4.124],"texture":"#0","tintindex":0,"rotation":0},"up":{"uv":[6.9937,2.2462,4.7496,0.1203],