{"textures":{"0":"erethon:entity/deer/deer_male"},"display":{"head":{"translation":[0,-6.4,0],"scale":[4.0,4.0,4.0]}},"elements":[{"light_emission":0.0,"from":[7.2,8.0,7.2],"to":[8.799999,12.4,8.8],"faces":{"north":{"uv":[4.2881,13.2282,5.2823,16.0],"texture":"#0","tintindex":0,"rotation":0},"east":{"uv":[4.3566,13.25,5.3524,16.0],"texture":"#0","tintindex":0,"rotation":0},"south":{"uv":[4.3335,13.1845,5.3385,16.0],"texture":"#0","tintindex":0,"rotation":0},"west":{"uv":[4.3566,13.1465,5.3524,15.875],"texture":"#0","tintindex":0,"rotation":0},"up":{"uv":[4.4121,13.4116,5.4206,14.4238],"texture":"#0","tintindex":0,"rotation":0},"down":{"uv":[4.375,13.3535,5.375,14.3613],"texture":"#0","tintindex":0,"rotation":0}},"rotation":{"origin":[7.999999618530273,7.599964420379639,9.200003937438964],"angle":0.0,"axis":"x"}},{"light_emission":0.0,"from":[7.3999996,3.6000004,7.4],"to":[8.599999,8.0,8.6],"faces":{"north":{"uv":[8.5144,13.0094,9.2601,16.0],"texture":"#0","tintindex":0,"rotation":0},"east":{"uv":[9.2111,13.25,8.4955,16.0],"texture":"#0","tintindex":0,"rotation":0},"south":{"uv":[8.5102,13.4345,9.2327,16.0],"texture":"#0","tintindex":0,"rotation":0},"west":{"uv":[8.5268,13.1465,9.2111,15.875],"texture":"#0","tintindex":0,"rotation":0},"up":{"uv":[8.572,13.4116,9.2034,14.1707],"texture":"#0","tintindex":0,"rotation":0},"down":{"uv":[10.0,16.0,9.25,15.2441],"texture":"#0","tintindex":0,"rotation":0}},"rotation":{"origin":[7.799999618530274,3.1999644203796387,10.200003937438964],"angle":0.0,"axis":"x"}}]}