{"textures":{"0":"erethon:entity/deer/deer_male"},"display":{"head":{"translation":[0,-6.4,0],"scale":[4.0,4.0,4.0]}},"elements":[{"light_emission":0.0,"from":[7.2000003,8.799999,7.0],"to":[8.8,12.0,9.0],"faces":{"north":{"uv":[4.1638,13.2282,5.158,15.244],"texture":"#0","tintindex":0,"rotation":0},"east":{"uv":[4.1077,13.25,5.3524,15.25],"texture":"#0","tintindex":0,"rotation":0},"south":{"uv":[4.2079,14.2024,5.2129,16.0],"texture":"#0","tintindex":0,"rotation":0},"west":{"uv":[4.1077,13.1465,5.3524,15.1309],"texture":"#0","tintindex":0,"rotation":0},"up":{"uv":[5.2945,14.6768,4.286,13.4116],"texture":"#0","tintindex":0,"rotation":0},"down":{"uv":[4.25,13.3535,5.25,14.6133],"rotation":180.0,"texture":"#0","tintindex":0}},"rotation":{"origin":[8.400000228881837,9.599999885559082,6.999999990463257],"angle":0.0,"axis":"x"}},{"light_emission":0.0,"from":[7.4,4.0,7.4],"to":[8.6,8.799999,9.0],"faces":{"north":{"uv":[8.5144,12.9762,9.2288,16.0],"texture":"#0","tintindex":0,"rotation":0},"east":{"uv":[10.9663,13.0,10.033,16.0],"texture":"#0","tintindex":0,"rotation":0},"south":{"uv":[8.5102,12.9911,9.2327,16.0],"texture":"#0","tintindex":0,"rotation":0},"west":{"uv":[10.0517,13.0234,10.985,16.0],"texture":"#0","tintindex":0,"rotation":0},"up":{"uv":[9.2658,14.9878,10.0221,16.0],"texture":"#0","tintindex":0,"rotation":0},"down":{"uv":[10.0,16.0,9.25,14.9922],"texture":"#0","tintindex":0,"rotation":0}},"rotation":{"origin":[8.200000228881835,4.399999885559082,10.599999990463257],"angle":0.0,"axis":"x"}}]}