{"textures":{"0":"erethon:entity/deer/deer_male"},"display":{"head":{"translation":[0,-6.4,0],"scale":[4.0,4.0,4.0]}},"elements":[{"light_emission":0.0,"from":[6.4,5.8,6.6],"to":[9.6,10.2,9.4],"faces":{"north":{"uv":[2.3729,12.2619,5.1833,15.9931],"texture":"#0","tintindex":0,"rotation":0},"east":{"uv":[2.365,12.2844,5.167,15.9844],"texture":"#0","tintindex":0,"rotation":0},"south":{"uv":[2.3648,12.2731,5.1747,15.9948],"texture":"#0","tintindex":0,"rotation":0},"west":{"uv":[5.167,12.2783,2.3587,15.9756],"texture":"#0","tintindex":0,"rotation":0},"up":{"uv":[2.3662,12.2742,6.105,15.2331],"rotation":180.0,"texture":"#0","tintindex":0},"down":{"uv":[2.3625,12.2559,6.1063,15.232],"rotation":180.0,"texture":"#0","tintindex":0}},"rotation":{"origin":[7.6,7.4000081663208,6.59995981842041],"angle":0.0,"axis":"x"}}]}