{"textures":{"0":"erethon:entity/deer/deer_male"},"display":{"head":{"translation":[0,-6.4,0],"scale":[4.0,4.0,4.0]}},"elements":[{"light_emission":0.0,"from":[7.2,8.799999,7.0],"to":[8.799999,12.0,9.0],"faces":{"north":{"uv":[4.1638,13.2282,5.158,15.244],"texture":"#0","tintindex":0,"rotation":0},"east":{"uv":[4.1077,13.25,5.3524,15.25],"texture":"#0","tintindex":0,"rotation":0},"south":{"uv":[4.2079,13.2024,5.2129,15.25],"texture":"#0","tintindex":0,"rotation":0},"west":{"uv":[4.1077,13.1465,5.3524,15.1309],"texture":"#0","tintindex":0,"rotation":0},"up":{"uv":[5.2945,14.6768,4.286,13.4116],"texture":"#0","tintindex":0,"rotation":0},"down":{"uv":[4.375,13.3535,5.375,14.6133],"rotation":180.0,"texture":"#0","tintindex":0}},"rotation":{"origin":[8.399999752044678,9.599999885559082,6.999999990463257],"angle":0.0,"axis":"x"}},{"light_emission":0.0,"from":[7.3999996,4.0,7.4],"to":[8.599999,8.799999,9.0],"faces":{"north":{"uv":[8.5144,13.0074,9.2601,16.0],"texture":"#0","tintindex":0,"rotation":0},"east":{"uv":[10.985,13.0,10.0205,16.0],"texture":"#0","tintindex":0,"rotation":0},"south":{"uv":[8.5102,13.0223,9.2639,16.0],"texture":"#0","tintindex":0,"rotation":0},"west":{"uv":[10.0017,13.0234,10.9975,16.0],"texture":"#0","tintindex":0,"rotation":0},"up":{"uv":[8.5095,13.1898,9.2659,14.202],"texture":"#0","tintindex":0,"rotation":0},"down":{"uv":[10.0,16.0,9.25,14.9922],"texture":"#0","tintindex":0,"rotation":0}},"rotation":{"origin":[8.199999752044677,4.399999885559082,10.599999990463257],"angle":0.0,"axis":"x"}}]}