{"textures":{"0":"erethon:entity/deer/deer_male"},"display":{"head":{"translation":[0,-6.4,0],"scale":[4.0,4.0,4.0]}},"elements":[{"light_emission":0.0,"from":[7.2,8.0,7.2],"to":[8.8,12.4,8.8],"faces":{"north":{"uv":[4.2881,13.2282,5.2823,16.0],"texture":"#0","tintindex":0,"rotation":0},"east":{"uv":[4.3566,13.25,5.3524,16.0],"texture":"#0","tintindex":0,"rotation":0},"south":{"uv":[4.3335,13.4345,5.3385,16.25],"texture":"#0","tintindex":0,"rotation":0},"west":{"uv":[4.3566,13.1465,5.3524,15.875],"texture":"#0","tintindex":0,"rotation":0},"up":{"uv":[4.4121,13.4116,5.4206,14.4238],"texture":"#0","tintindex":0,"rotation":0},"down":{"uv":[4.375,13.3535,5.375,14.3613],"texture":"#0","tintindex":0,"rotation":0}},"rotation":{"origin":[7.999999904632569,7.599964420379639,9.200003937438964],"angle":0.0,"axis":"x"}},{"light_emission":0.0,"from":[7.4,3.6000004,7.4],"to":[8.6,8.0,8.6],"faces":{"north":{"uv":[8.5019,13.0094,9.2476,16.0],"texture":"#0","tintindex":0,"rotation":0},"east":{"uv":[9.2486,13.0125,8.5018,15.7625],"texture":"#0","tintindex":0,"rotation":0},"south":{"uv":[8.504,13.0095,9.2577,16.0],"texture":"#0","tintindex":0,"rotation":0},"west":{"uv":[8.5018,13.009,9.2486,16.0],"texture":"#0","tintindex":0,"rotation":0},"up":{"uv":[8.497,13.3491,9.2534,14.1082],"texture":"#0","tintindex":0,"rotation":0},"down":{"uv":[10.0,16.0,9.25,15.2441],"texture":"#0","tintindex":0,"rotation":0}},"rotation":{"origin":[7.7999999046325685,3.1999644203796387,10.200003937438964],"angle":0.0,"axis":"x"}}]}