{"textures":{"0":"erethon:entity/deer/deer_male"},"display":{"head":{"scale":[4.0,4.0,4.0],"translation":[0,-6.4,0]}},"elements":[{"light_emission":0.0,"from":[5.6,6.0021505,5.8],"to":[10.4,10.00215,10.2],"rotation":{"origin":[7.6,5.602114350189209,7.000012065612793],"angle":40.0,"axis":"x"},"faces":{"north":{"uv":[2.3765,12.2576,6.0061,15.5181],"texture":"#0","tintindex":0,"rotation":0},"east":{"uv":[8.3711,8.375,11.1095,11.125],"texture":"#0","tintindex":0,"rotation":0},"south":{"uv":[2.3742,12.2509,6.0703,15.7542],"texture":"#0","tintindex":0,"rotation":0},"west":{"uv":[11.1095,8.3764,8.3711,11.1318],"texture":"#0","tintindex":0,"rotation":0},"up":{"uv":[2.414,12.3133,6.0613,15.9625],"texture":"#0","tintindex":0,"rotation":0},"down":{"uv":[2.3875,12.258,6.0969,15.8951],"texture":"#0","tintindex":0,"rotation":0}}},{"light_emission":0.0,"from":[7.6,5.9978504,9.308701],"to":[8.4,6.79785,10.1087],"faces":{"north":{"uv":[0.0,0.0,2.0,2.0]},"east":{"uv":[0.0,0.0,2.0,2.0]},"south":{"uv":[0.0,0.0,2.0,2.0]},"west":{"uv":[0.0,0.0,2.0,2.0]},"up":{"uv":[0.0,0.0,2.0,2.0]},"down":{"uv":[0.0,0.0,2.0,2.0]}},"rotation":{"origin":[8.0,5.997834350189208,9.708748065612793],"angle":0.0,"axis":"x"}}]}