{"textures":{"0":"erethon:entity/field_cricket_model/texture","1":"erethon:entity/field_cricket_model/texture","2":"erethon:entity/field_cricket_model/texture"},"display":{"head":{"scale":[4.0,4.0,4.0],"translation":[0,-6.4,0]}},"elements":[{"light_emission":0.0,"from":[7.8021507,7.5814,7.0605497],"to":[8.20215,9.5814,7.46055],"rotation":{"origin":[8.002162466918945,7.981403720001221,7.260597911499024],"angle":-21.9541,"axis":"x"},"faces":{"north":{"uv":[4.375,7.625,4.5,8.25],"texture":"#2","tintindex":0,"rotation":0},"east":{"uv":[4.375,7.625,4.5,8.25],"texture":"#2","tintindex":0,"rotation":0},"south":{"uv":[4.375,7.625,4.5,8.25],"texture":"#2","tintindex":0,"rotation":0},"west":{"uv":[4.375,7.625,4.5,8.25],"texture":"#2","tintindex":0,"rotation":0},"up":{"uv":[7.875,0.875,7.75,0.75],"texture":"#2","tintindex":0,"rotation":0},"down":{"uv":[7.875,1.625,7.75,1.75],"texture":"#2","tintindex":0,"rotation":0}}},{"light_emission":0.0,"from":[7.7978506,7.9307,7.47575],"to":[8.19785,9.9307,7.87575],"rotation":{"origin":[7.997830466918945,8.330743720001221,7.2757459114990235],"angle":30.5459,"axis":"x"},"faces":{"north":{"uv":[4.25,7.625,4.375,8.25],"texture":"#2","tintindex":0,"rotation":0},"east":{"uv":[4.25,7.625,4.375,8.25],"texture":"#2","tintindex":0,"rotation":0},"south":{"uv":[4.25,7.625,4.375,8.25],"texture":"#2","tintindex":0,"rotation":0},"west":{"uv":[4.25,7.625,4.375,8.25],"texture":"#2","tintindex":0,"rotation":0},"up":{"uv":[4.75,7.75,4.625,7.625],"texture":"#2","tintindex":0,"rotation":0},"down":{"uv":[4.625,7.625,4.5,7.75],"texture":"#2","tintindex":0,"rotation":0}}},{"light_emission":0.0,"from":[7.79895,6.0692997,8.53945],"to":[8.198951,9.2692995,8.93945],"rotation":{"origin":[7.998994466918945,7.6693157200012205,7.939433911499023],"angle":-14.4541,"axis":"x"},"faces":{"north":{"uv":[3.75,7.625,3.875,8.625],"texture":"#2","tintindex":0,"rotation":0},"east":{"uv":[3.75,7.625,3.875,8.625],"texture":"#2","tintindex":0,"rotation":0},"south":{"uv":[3.75,7.625,3.875,8.625],"texture":"#2","tintindex":0,"rotation":0},"west":{"uv":[3.75,7.625,3.875,8.625],"texture":"#2","tintindex":0,"rotation":0},"up":{"uv":[7.875,1.875,7.75,1.75],"texture":"#2","tintindex":0,"rotation":0},"down":{"uv":[4.75,7.625,4.625,7.75],"texture":"#2","tintindex":0,"rotation":0}}}]}