{"textures":{"0":"erethon:entity/field_cricket_model/texture","1":"erethon:entity/field_cricket_model/texture","2":"erethon:entity/field_cricket_model/texture"},"display":{"head":{"scale":[4.0,4.0,4.0],"translation":[0,-6.4,0]}},"elements":[{"light_emission":0.0,"from":[7.79785,7.5864,7.05555],"to":[8.19785,9.5864,7.45555],"rotation":{"origin":[7.997838009918213,7.986403834442139,7.255598273895264],"angle":-21.9541,"axis":"x"},"faces":{"north":{"uv":[4.5,7.625,4.375,8.25],"texture":"#2","tintindex":0,"rotation":0},"east":{"uv":[4.5,7.625,4.375,8.25],"texture":"#2","tintindex":0,"rotation":0},"south":{"uv":[4.5,7.625,4.375,8.25],"texture":"#2","tintindex":0,"rotation":0},"west":{"uv":[4.5,7.625,4.375,8.25],"texture":"#2","tintindex":0,"rotation":0},"up":{"uv":[7.75,0.875,7.875,0.75],"texture":"#2","tintindex":0,"rotation":0},"down":{"uv":[7.875,1.875,7.75,2.0],"texture":"#2","tintindex":0,"rotation":0}}},{"light_emission":0.0,"from":[7.80215,7.9357,7.4707503],"to":[8.20215,9.935699,7.8707504],"rotation":{"origin":[8.002170009918213,8.33574383444214,7.270746273895264],"angle":30.5459,"axis":"x"},"faces":{"north":{"uv":[4.375,7.625,4.25,8.25],"texture":"#2","tintindex":0,"rotation":0},"east":{"uv":[4.375,7.625,4.25,8.25],"texture":"#2","tintindex":0,"rotation":0},"south":{"uv":[4.375,7.625,4.25,8.25],"texture":"#2","tintindex":0,"rotation":0},"west":{"uv":[4.375,7.625,4.25,8.25],"texture":"#2","tintindex":0,"rotation":0},"up":{"uv":[7.75,1.875,7.875,1.75],"texture":"#2","tintindex":0,"rotation":0},"down":{"uv":[7.75,1.375,7.875,1.5],"texture":"#2","tintindex":0,"rotation":0}}},{"light_emission":0.0,"from":[7.80105,6.0643,8.544451],"to":[8.20105,9.264299,8.94445],"rotation":{"origin":[8.001006009918212,7.664315834442139,7.944434273895264],"angle":-14.4541,"axis":"x"},"faces":{"north":{"uv":[3.875,7.625,3.75,8.625],"texture":"#2","tintindex":0,"rotation":0},"east":{"uv":[3.875,7.625,3.75,8.625],"texture":"#2","tintindex":0,"rotation":0},"south":{"uv":[3.875,7.625,3.75,8.625],"texture":"#2","tintindex":0,"rotation":0},"west":{"uv":[3.875,7.625,3.75,8.625],"texture":"#2","tintindex":0,"rotation":0},"up":{"uv":[7.75,1.625,7.875,1.5],"texture":"#2","tintindex":0,"rotation":0},"down":{"uv":[7.75,1.75,7.875,1.875],"texture":"#2","tintindex":0,"rotation":0}}}]}