{"textures":{"0":"erethon:entity/gem_golem/texture"},"display":{"head":{"scale":[4.0,4.0,4.0],"translation":[0,-6.4,0]}},"elements":[{"from":[7.55,4.3999996,7.01],"to":[8.450001,11.6,8.99],"rotation":{"origin":[7.851308384521484,7.56246351095581,8.231344324249267],"angle":22.5,"axis":"z"},"faces":{"north":{"uv":[9.4063,0.0,11.9688,10.7188],"texture":"#0","tintindex":0,"rotation":0},"east":{"uv":[10.0313,0.0,11.9688,6.3438],"texture":"#0","tintindex":0,"rotation":0},"south":{"uv":[2.1563,1.125,5.0938,10.2188],"texture":"#0","tintindex":0,"rotation":0},"west":{"uv":[10.0313,0.0,11.9688,6.3438],"texture":"#0","tintindex":0,"rotation":0},"up":{"uv":[8.6563,0.0,11.9688,7.4688],"texture":"#0","tintindex":0,"rotation":0},"down":{"uv":[3.2813,0.625,6.5938,10.3438],"texture":"#0","tintindex":0,"rotation":0}}}]}