{"textures":{"0":"erethon:entity/gem_golem/texture"},"display":{"head":{"scale":[4.0,4.0,4.0],"translation":[0,-6.4,0]}},"elements":[{"from":[7.55,4.3999996,7.01],"to":[8.450001,11.6,8.99],"rotation":{"origin":[8.333492240325928,7.638963449920654,8.231344324249267],"angle":-22.5,"axis":"z"},"faces":{"north":{"uv":[11.9688,0.0,9.4063,10.7188],"texture":"#0","tintindex":0,"rotation":0},"east":{"uv":[11.9688,0.0,10.0313,6.3438],"texture":"#0","tintindex":0,"rotation":0},"south":{"uv":[5.0938,1.125,2.1563,10.2188],"texture":"#0","tintindex":0,"rotation":0},"west":{"uv":[11.9688,0.0,10.0313,6.3438],"texture":"#0","tintindex":0,"rotation":0},"up":{"uv":[11.9688,0.0,8.6563,7.4688],"texture":"#0","tintindex":0,"rotation":0},"down":{"uv":[6.5938,0.625,3.2813,10.3438],"texture":"#0","tintindex":0,"rotation":0}}}]}