{"textures":{"0":"erethon:entity/gem_golem/texture"},"display":{"head":{"scale":[4.0,4.0,4.0],"translation":[0,-6.4,0]}},"elements":[{"from":[5.4500003,6.92,7.44],"to":[10.55,9.08,8.139999],"faces":{"north":{"uv":[0.75,4.875,8.5938,7.05],"texture":"#0","tintindex":0,"rotation":0},"east":{"uv":[5.125,0.0,6.3438,6.925],"texture":"#0","tintindex":0,"rotation":0},"south":{"uv":[0.625,1.0,10.5938,4.925],"texture":"#0","tintindex":0,"rotation":0},"west":{"uv":[1.125,0.5,1.7188,5.925],"texture":"#0","tintindex":0,"rotation":0},"up":{"uv":[0.5,12.375,6.7188,14.0938],"texture":"#0","tintindex":0,"rotation":0},"down":{"uv":[0.125,9.25,8.5938,10.5938],"texture":"#0","tintindex":0,"rotation":0}},"rotation":{"origin":[7.910000228881836,2.780000019073486,3.4600000381469727],"angle":0.0,"axis":"x"}},{"from":[5.8900003,7.28,8.2],"to":[7.3300004,8.719999,8.559999],"faces":{"north":{"uv":[9.0313,13.0313,11.9688,15.9688],"texture":"#0","tintindex":0,"rotation":0},"east":{"uv":[9.0313,13.0313,11.9688,15.9688],"texture":"#0","tintindex":0,"rotation":0},"south":{"uv":[9.0313,13.0313,11.9688,15.9688],"texture":"#0","tintindex":0,"rotation":0},"west":{"uv":[9.0313,13.0313,11.9688,15.9688],"texture":"#0","tintindex":0,"rotation":0},"up":{"uv":[9.0313,13.0313,11.9688,15.9688],"texture":"#0","tintindex":0,"rotation":0},"down":{"uv":[9.0313,13.0313,11.9688,15.9688],"texture":"#0","tintindex":0,"rotation":0}},"rotation":{"origin":[7.910000228881836,2.780000019073486,3.4600000381469727],"angle":0.0,"axis":"x"}},{"from":[8.67,7.28,8.2],"to":[10.110001,8.719999,8.559999],"faces":{"north":{"uv":[9.0313,13.0313,11.9688,15.9688],"texture":"#0","tintindex":0,"rotation":0},"east":{"uv":[9.0313,13.0313,11.9688,15.9688],"texture":"#0","tintindex":0,"rotation":0},"south":{"uv":[9.0313,13.0313,11.9688,15.9688],"texture":"#0","tintindex":0,"rotation":0},"west":{"uv":[9.0313,13.0313,11.9688,15.9688],"texture":"#0","tintindex":0,"rotation":0},"up":{"uv":[9.0313,13.0313,11.9688,15.9688],"texture":"#0","tintindex":0,"rotation":0},"down":{"uv":[9.0313,13.0313,11.9688,15.9688],"texture":"#0","tintindex":0,"rotation":0}},"rotation":{"origin":[7.910000228881836,2.780000019073486,3.4600000381469727],"angle":0.0,"axis":"x"}}]}