{"textures":{"0":"erethon:entity/gem_golem/texture"},"display":{"head":{"scale":[4.0,4.0,4.0],"translation":[0,-6.4,0]}},"elements":[{"from":[7.44,7.1,7.17],"to":[8.559999,8.9,8.83],"faces":{"north":{"uv":[6.375,13.0625,8.9688,16.0],"texture":"#0","tintindex":0,"rotation":0},"east":{"uv":[6.375,13.0625,8.9688,16.0],"texture":"#0","tintindex":0,"rotation":0},"south":{"uv":[6.375,13.0625,8.9688,16.0],"texture":"#0","tintindex":0,"rotation":0},"west":{"uv":[6.375,13.0625,8.9688,16.0],"texture":"#0","tintindex":0,"rotation":0},"up":{"uv":[5.875,11.1875,8.5938,14.125],"texture":"#0","tintindex":0,"rotation":0},"down":{"uv":[9.25,13.0625,11.9688,16.0],"texture":"#0","tintindex":0,"rotation":0}},"rotation":{"origin":[3.8800000190734862,6.919999885559082,9.670000076293945],"angle":0.0,"axis":"x"}}]}