{"textures":{"0":"erethon:entity/gem_golem/texture"},"display":{"head":{"scale":[4.0,4.0,4.0],"translation":[0,-6.4,0]}},"elements":[{"from":[7.72425,6.5183,7.8384],"to":[8.032249,9.5263,8.1464],"faces":{"north":{"uv":[14.5,5.125,15.4688,6.8125],"texture":"#0","tintindex":0,"rotation":0},"east":{"uv":[14.5,5.125,15.4688,6.8125],"texture":"#0","tintindex":0,"rotation":0},"south":{"uv":[14.5,5.125,15.4688,6.8125],"texture":"#0","tintindex":0,"rotation":0},"west":{"uv":[14.5,5.125,15.4688,6.8125],"texture":"#0","tintindex":0,"rotation":0},"up":{"uv":[14.5,5.125,15.4688,6.8125],"texture":"#0","tintindex":0,"rotation":0},"down":{"uv":[14.5,5.125,15.4688,6.8125],"texture":"#0","tintindex":0,"rotation":0}},"rotation":{"origin":[11.32824993133545,-1.9045000076293945,8.442399978637695],"angle":0.0,"axis":"x"}},{"from":[7.6543503,6.6503,7.8424],"to":[7.95435,8.5503,8.1424],"rotation":{"origin":[8.013025931335449,6.772035992370606,8.142399978637695],"angle":22.5,"axis":"z"},"faces":{"north":{"uv":[13.875,4.75,14.7188,6.2188],"texture":"#0","tintindex":0,"rotation":0},"east":{"uv":[13.875,4.75,14.7188,6.2188],"texture":"#0","tintindex":0,"rotation":0},"south":{"uv":[13.875,4.75,14.7188,6.2188],"texture":"#0","tintindex":0,"rotation":0},"west":{"uv":[13.875,4.75,14.7188,6.2188],"texture":"#0","tintindex":0,"rotation":0},"up":{"uv":[13.875,4.75,14.7188,6.2188],"texture":"#0","tintindex":0,"rotation":0},"down":{"uv":[13.875,4.75,14.7188,6.2188],"texture":"#0","tintindex":0,"rotation":0}}},{"from":[7.78695,6.5737,7.8424],"to":[8.08695,7.9736996,8.1424],"rotation":{"origin":[8.013025931335449,6.772035992370606,8.142399978637695],"angle":-22.5,"axis":"z"},"faces":{"north":{"uv":[12.75,4.6875,15.75,7.5],"texture":"#0","tintindex":0,"rotation":0},"east":{"uv":[12.75,4.6875,15.75,7.5],"texture":"#0","tintindex":0,"rotation":0},"south":{"uv":[12.75,4.6875,15.75,7.5],"texture":"#0","tintindex":0,"rotation":0},"west":{"uv":[12.75,4.6875,15.75,7.5],"texture":"#0","tintindex":0,"rotation":0},"up":{"uv":[12.75,4.6875,15.75,7.5],"texture":"#0","tintindex":0,"rotation":0},"down":{"uv":[12.75,4.6875,15.75,7.5],"texture":"#0","tintindex":0,"rotation":0}}},{"from":[8.08695,6.4736996,7.8424],"to":[8.38695,8.2737,8.1424],"rotation":{"origin":[8.31302593133545,6.772035992370606,8.142399978637695],"angle":-22.5,"axis":"z"},"faces":{"north":{"uv":[14.25,4.875,15.2188,6.5625],"texture":"#0","tintindex":0,"rotation":0},"east":{"uv":[14.25,4.875,15.2188,6.5625],"texture":"#0","tintindex":0,"rotation":0},"south":{"uv":[14.25,4.875,15.2188,6.5625],"texture":"#0","tintindex":0,"rotation":0},"west":{"uv":[14.25,4.875,15.2188,6.5625],"texture":"#0","tintindex":0,"rotation":0},"up":{"uv":[14.25,4.875,15.2188,6.5625],"texture":"#0","tintindex":0,"rotation":0},"down":{"uv":[14.25,4.875,15.2188,6.5625],"texture":"#0","tintindex":0,"rotation":0}}},{"from":[7.9130497,6.6503,7.7837],"to":[8.21305,8.2503,8.0837],"rotation":{"origin":[8.21302593133545,6.772035992370606,8.142399978637695],"angle":-22.5,"axis":"x"},"faces":{"north":{"uv":[12.625,4.5625,15.625,7.4375],"texture":"#0","tintindex":0,"rotation":0},"east":{"uv":[12.625,4.5625,15.625,7.4375],"texture":"#0","tintindex":0,"rotation":0},"south":{"uv":[12.625,4.5625,15.625,7.4375],"texture":"#0","tintindex":0,"rotation":0},"west":{"uv":[12.625,4.5625,15.625,7.4375],"texture":"#0","tintindex":0,"rotation":0},"up":{"uv":[12.625,4.5625,15.625,7.4375],"texture":"#0","tintindex":0,"rotation":0},"down":{"uv":[12.625,4.5625,15.625,7.4375],"texture":"#0","tintindex":0,"rotation":0}}},{"from":[7.71305,6.4736996,7.9163],"to":[8.01305,7.4736996,8.2163],"rotation":{"origin":[8.013025931335449,5.972035992370606,8.142399978637695],"angle":22.5,"axis":"x"},"faces":{"north":{"uv":[14.875,4.375,16.0,6.3125],"texture":"#0","tintindex":0,"rotation":0},"east":{"uv":[14.5,4.875,15.625,6.8125],"texture":"#0","tintindex":0,"rotation":0},"south":{"uv":[14.875,4.375,16.0,6.3125],"texture":"#0","tintindex":0,"rotation":0},"west":{"uv":[14.875,4.375,16.0,6.3125],"texture":"#0","tintindex":0,"rotation":0},"up":{"uv":[14.875,4.375,16.0,6.3125],"texture":"#0","tintindex":0,"rotation":0},"down":{"uv":[14.875,4.375,16.0,6.3125],"texture":"#0","tintindex":0,"rotation":0}}},{"from":[7.6543503,7.3503,7.8424],"to":[7.95435,8.9503,8.1424],"rotation":{"origin":[8.013025931335449,7.572035992370607,8.142399978637695],"angle":22.5,"axis":"z"},"faces":{"north":{"uv":[12.125,4.5,13.2188,6.5],"texture":"#0","tintindex":0,"rotation":0},"east":{"uv":[12.125,4.5,13.2188,6.5],"texture":"#0","tintindex":0,"rotation":0},"south":{"uv":[12.125,4.5,13.2188,6.5],"texture":"#0","tintindex":0,"rotation":0},"west":{"uv":[12.125,4.5,13.2188,6.5],"texture":"#0","tintindex":0,"rotation":0},"up":{"uv":[12.125,4.5,13.2188,6.5],"texture":"#0","tintindex":0,"rotation":0},"down":{"uv":[12.125,4.5,13.2188,6.5],"texture":"#0","tintindex":0,"rotation":0}}},{"from":[7.71305,6.5737,7.9163],"to":[8.01305,8.2737,8.2163],"rotation":{"origin":[8.013025931335449,6.772035992370606,8.142399978637695],"angle":22.5,"axis":"x"},"faces":{"north":{"uv":[13.0,4.875,14.0938,6.9063],"texture":"#0","tintindex":0,"rotation":0},"east":{"uv":[13.0,4.875,14.0938,6.9063],"texture":"#0","tintindex":0,"rotation":0},"south":{"uv":[13.0,4.875,14.0938,6.9063],"texture":"#0","tintindex":0,"rotation":0},"west":{"uv":[13.0,4.875,14.0938,6.9063],"texture":"#0","tintindex":0,"rotation":0},"up":{"uv":[13.0,4.875,14.0938,6.9063],"texture":"#0","tintindex":0,"rotation":0},"down":{"uv":[13.0,4.875,14.0938,6.9063],"texture":"#0","tintindex":0,"rotation":0}}},{"from":[7.61305,6.6503,7.7837],"to":[7.9130497,8.6503,8.0837],"rotation":{"origin":[7.913025931335449,6.772035992370606,8.142399978637695],"angle":-22.5,"axis":"x"},"faces":{"north":{"uv":[13.875,4.25,14.9688,7.875],"texture":"#0","tintindex":0,"rotation":0},"east":{"uv":[13.875,4.25,14.9688,7.875],"texture":"#0","tintindex":0,"rotation":0},"south":{"uv":[13.875,4.25,14.9688,7.875],"texture":"#0","tintindex":0,"rotation":0},"west":{"uv":[13.875,4.25,14.9688,7.875],"texture":"#0","tintindex":0,"rotation":0},"up":{"uv":[13.875,4.25,14.9688,7.875],"texture":"#0","tintindex":0,"rotation":0},"down":{"uv":[13.875,4.25,14.9688,7.875],"texture":"#0","tintindex":0,"rotation":0}}}]}