{"textures":{"0":"erethon:entity/gem_golem/texture"},"display":{"head":{"scale":[4.0,4.0,4.0],"translation":[0,-6.4,0]}},"elements":[{"from":[7.7230997,6.5187,7.8379],"to":[8.0311,9.5267,8.145901],"faces":{"north":{"uv":[15.25,12.0,16.0,16.0],"texture":"#0","tintindex":0,"rotation":0},"east":{"uv":[15.25,12.0,16.0,16.0],"texture":"#0","tintindex":0,"rotation":0},"south":{"uv":[15.25,12.0,16.0,16.0],"texture":"#0","tintindex":0,"rotation":0},"west":{"uv":[15.25,12.0,16.0,16.0],"texture":"#0","tintindex":0,"rotation":0},"up":{"uv":[15.25,12.0,16.0,16.0],"texture":"#0","tintindex":0,"rotation":0},"down":{"uv":[15.25,12.0,16.0,16.0],"texture":"#0","tintindex":0,"rotation":0}},"rotation":{"origin":[4.424200057983398,4.264400005340576,9.594300270080566],"angle":0.0,"axis":"x"}},{"from":[7.6381,6.62,7.8419003],"to":[7.9381,8.52,8.1419],"rotation":{"origin":[7.9272120579833985,6.795152005340576,8.148516270080567],"angle":22.5,"axis":"z"},"faces":{"north":{"uv":[13.125,12.375,13.7188,15.4688],"texture":"#0","tintindex":0,"rotation":0},"east":{"uv":[13.125,12.375,13.7188,15.4688],"texture":"#0","tintindex":0,"rotation":0},"south":{"uv":[13.125,12.375,13.7188,15.4688],"texture":"#0","tintindex":0,"rotation":0},"west":{"uv":[13.125,12.375,13.7188,15.4688],"texture":"#0","tintindex":0,"rotation":0},"up":{"uv":[13.125,12.375,13.7188,15.4688],"texture":"#0","tintindex":0,"rotation":0},"down":{"uv":[13.125,12.375,13.7188,15.4688],"texture":"#0","tintindex":0,"rotation":0}}},{"from":[7.7881002,6.6083,7.8419003],"to":[8.0881,8.0083,8.1419],"rotation":{"origin":[7.9272120579833985,6.795152005340576,8.148516270080567],"angle":-22.5,"axis":"z"},"faces":{"north":{"uv":[12.625,12.8125,15.625,15.625],"texture":"#0","tintindex":0,"rotation":0},"east":{"uv":[12.625,12.8125,15.625,15.625],"texture":"#0","tintindex":0,"rotation":0},"south":{"uv":[12.625,12.8125,15.625,15.625],"texture":"#0","tintindex":0,"rotation":0},"west":{"uv":[12.625,12.8125,15.625,15.625],"texture":"#0","tintindex":0,"rotation":0},"up":{"uv":[12.625,12.8125,15.625,15.625],"texture":"#0","tintindex":0,"rotation":0},"down":{"uv":[12.625,12.8125,15.625,15.625],"texture":"#0","tintindex":0,"rotation":0}}},{"from":[8.0881,6.5083,7.8419003],"to":[8.3881,8.3083,8.1419],"rotation":{"origin":[8.227212057983397,6.795152005340576,8.148516270080567],"angle":-22.5,"axis":"z"},"faces":{"north":{"uv":[12.125,12.1875,12.9688,16.0],"texture":"#0","tintindex":0,"rotation":0},"east":{"uv":[12.125,12.1875,12.9688,16.0],"texture":"#0","tintindex":0,"rotation":0},"south":{"uv":[12.125,12.1875,12.9688,16.0],"texture":"#0","tintindex":0,"rotation":0},"west":{"uv":[12.125,12.1875,12.9688,16.0],"texture":"#0","tintindex":0,"rotation":0},"up":{"uv":[12.125,12.1875,12.9688,16.0],"texture":"#0","tintindex":0,"rotation":0},"down":{"uv":[12.125,12.1875,12.9688,16.0],"texture":"#0","tintindex":0,"rotation":0}}},{"from":[7.9119,6.6549,7.775],"to":[8.2119,8.2549,8.075001],"rotation":{"origin":[8.127212057983398,6.795152005340576,8.148516270080567],"angle":-22.5,"axis":"x"},"faces":{"north":{"uv":[13.0,13.125,16.0,16.0],"texture":"#0","tintindex":0,"rotation":0},"east":{"uv":[13.0,13.125,16.0,16.0],"texture":"#0","tintindex":0,"rotation":0},"south":{"uv":[13.0,13.125,16.0,16.0],"texture":"#0","tintindex":0,"rotation":0},"west":{"uv":[13.0,13.125,16.0,16.0],"texture":"#0","tintindex":0,"rotation":0},"up":{"uv":[13.0,13.125,16.0,16.0],"texture":"#0","tintindex":0,"rotation":0},"down":{"uv":[13.0,13.125,16.0,16.0],"texture":"#0","tintindex":0,"rotation":0}}},{"from":[7.7118998,6.4733,7.925],"to":[8.0119,7.4733,8.225],"rotation":{"origin":[7.9272120579833985,5.995152005340576,8.148516270080567],"angle":22.5,"axis":"x"},"faces":{"north":{"uv":[13.625,12.4375,14.75,16.0],"texture":"#0","tintindex":0,"rotation":0},"east":{"uv":[13.625,12.4375,14.75,16.0],"texture":"#0","tintindex":0,"rotation":0},"south":{"uv":[13.625,12.4375,14.75,16.0],"texture":"#0","tintindex":0,"rotation":0},"west":{"uv":[13.625,12.4375,14.75,16.0],"texture":"#0","tintindex":0,"rotation":0},"up":{"uv":[13.625,12.4375,14.75,16.0],"texture":"#0","tintindex":0,"rotation":0},"down":{"uv":[13.625,12.4375,14.75,16.0],"texture":"#0","tintindex":0,"rotation":0}}},{"from":[7.6381,7.3199997,7.8419003],"to":[7.9381,8.92,8.1419],"rotation":{"origin":[7.9272120579833985,7.5951520053405766,8.148516270080567],"angle":22.5,"axis":"z"},"faces":{"north":{"uv":[12.625,13.0,13.8438,16.0],"texture":"#0","tintindex":0,"rotation":0},"east":{"uv":[12.625,13.0,13.8438,16.0],"texture":"#0","tintindex":0,"rotation":0},"south":{"uv":[12.625,13.0,13.8438,16.0],"texture":"#0","tintindex":0,"rotation":0},"west":{"uv":[12.625,13.0,13.8438,16.0],"texture":"#0","tintindex":0,"rotation":0},"up":{"uv":[12.625,13.0,13.8438,16.0],"texture":"#0","tintindex":0,"rotation":0},"down":{"uv":[12.625,13.0,13.8438,16.0],"texture":"#0","tintindex":0,"rotation":0}}},{"from":[7.7118998,6.5733004,7.925],"to":[8.0119,8.2733,8.225],"rotation":{"origin":[7.9272120579833985,6.795152005340576,8.148516270080567],"angle":22.5,"axis":"x"},"faces":{"north":{"uv":[15.125,12.125,15.9688,15.1563],"texture":"#0","tintindex":0,"rotation":0},"east":{"uv":[15.125,12.125,15.9688,15.1563],"texture":"#0","tintindex":0,"rotation":0},"south":{"uv":[15.125,12.125,15.9688,15.1563],"texture":"#0","tintindex":0,"rotation":0},"west":{"uv":[15.125,12.125,15.9688,15.1563],"texture":"#0","tintindex":0,"rotation":0},"up":{"uv":[15.125,12.125,15.9688,15.1563],"texture":"#0","tintindex":0,"rotation":0},"down":{"uv":[15.125,12.125,15.9688,15.1563],"texture":"#0","tintindex":0,"rotation":0}}},{"from":[7.6119003,6.6549,7.775],"to":[7.9119,8.6549,8.075001],"rotation":{"origin":[7.827212057983399,6.795152005340576,8.148516270080567],"angle":-22.5,"axis":"x"},"faces":{"north":{"uv":[12.5,12.75,13.8438,16.0],"texture":"#0","tintindex":0,"rotation":0},"east":{"uv":[12.5,12.75,13.8438,16.0],"texture":"#0","tintindex":0,"rotation":0},"south":{"uv":[12.5,12.75,13.8438,16.0],"texture":"#0","tintindex":0,"rotation":0},"west":{"uv":[12.5,12.75,13.8438,16.0],"texture":"#0","tintindex":0,"rotation":0},"up":{"uv":[12.5,12.75,13.8438,16.0],"texture":"#0","tintindex":0,"rotation":0},"down":{"uv":[12.5,12.75,13.8438,16.0],"texture":"#0","tintindex":0,"rotation":0}}}]}