{"textures":{"0":"erethon:entity/gem_golem/texture"},"display":{"head":{"scale":[4.0,4.0,4.0],"translation":[0,-6.4,0]}},"elements":[{"from":[7.7315497,6.52885,7.8347],"to":[8.03955,9.53685,8.1427],"faces":{"north":{"uv":[13.875,8.75,14.7188,11.0625],"texture":"#0","tintindex":0,"rotation":0},"east":{"uv":[13.875,8.75,14.7188,11.0625],"texture":"#0","tintindex":0,"rotation":0},"south":{"uv":[13.875,8.75,14.7188,11.0625],"texture":"#0","tintindex":0,"rotation":0},"west":{"uv":[13.875,8.75,14.7188,11.0625],"texture":"#0","tintindex":0,"rotation":0},"up":{"uv":[13.875,8.75,14.7188,11.0625],"texture":"#0","tintindex":0,"rotation":0},"down":{"uv":[13.875,8.75,14.7188,11.0625],"texture":"#0","tintindex":0,"rotation":0}},"rotation":{"origin":[10.93554973602295,0.31785011291503906,12.430700302124023],"angle":0.0,"axis":"x"}},{"from":[7.6762495,6.6578503,7.8387003],"to":[7.9762497,8.55785,8.1387005],"rotation":{"origin":[8.020325736022949,6.74445811291504,8.186196302124024],"angle":22.5,"axis":"z"},"faces":{"north":{"uv":[14.0,8.875,14.8438,10.8438],"texture":"#0","tintindex":0,"rotation":0},"east":{"uv":[14.0,8.875,14.8438,10.8438],"texture":"#0","tintindex":0,"rotation":0},"south":{"uv":[14.0,8.875,14.8438,10.8438],"texture":"#0","tintindex":0,"rotation":0},"west":{"uv":[14.0,8.875,14.8438,10.8438],"texture":"#0","tintindex":0,"rotation":0},"up":{"uv":[14.0,8.875,14.8438,10.8438],"texture":"#0","tintindex":0,"rotation":0},"down":{"uv":[14.0,8.875,14.8438,10.8438],"texture":"#0","tintindex":0,"rotation":0}}},{"from":[7.7796497,6.5813503,7.8387003],"to":[8.07965,7.98135,8.1387005],"rotation":{"origin":[8.020325736022949,6.74445811291504,8.186196302124024],"angle":-22.5,"axis":"z"},"faces":{"north":{"uv":[12.625,8.4375,15.625,11.25],"texture":"#0","tintindex":0,"rotation":0},"east":{"uv":[12.625,8.4375,15.625,11.25],"texture":"#0","tintindex":0,"rotation":0},"south":{"uv":[12.625,8.4375,15.625,11.25],"texture":"#0","tintindex":0,"rotation":0},"west":{"uv":[12.625,8.4375,15.625,11.25],"texture":"#0","tintindex":0,"rotation":0},"up":{"uv":[12.625,8.4375,15.625,11.25],"texture":"#0","tintindex":0,"rotation":0},"down":{"uv":[12.625,8.4375,15.625,11.25],"texture":"#0","tintindex":0,"rotation":0}}},{"from":[8.07965,6.48135,7.8387003],"to":[8.37965,8.28135,8.1387005],"rotation":{"origin":[8.32032573602295,6.74445811291504,8.186196302124024],"angle":-22.5,"axis":"z"},"faces":{"north":{"uv":[13.25,9.5,14.0938,10.9375],"texture":"#0","tintindex":0,"rotation":0},"east":{"uv":[13.25,9.5,14.0938,10.9375],"texture":"#0","tintindex":0,"rotation":0},"south":{"uv":[13.25,9.5,14.0938,10.9375],"texture":"#0","tintindex":0,"rotation":0},"west":{"uv":[13.25,9.5,14.0938,10.9375],"texture":"#0","tintindex":0,"rotation":0},"up":{"uv":[13.25,9.5,14.0938,10.9375],"texture":"#0","tintindex":0,"rotation":0},"down":{"uv":[13.25,9.5,14.0938,10.9375],"texture":"#0","tintindex":0,"rotation":0}}},{"from":[7.92035,6.67605,7.7983003],"to":[8.22035,8.276051,8.098301],"rotation":{"origin":[8.22032573602295,6.74445811291504,8.186196302124024],"angle":-22.5,"axis":"x"},"faces":{"north":{"uv":[12.5,8.5,15.5,11.375],"texture":"#0","tintindex":0,"rotation":0},"east":{"uv":[12.5,8.5,15.5,11.375],"texture":"#0","tintindex":0,"rotation":0},"south":{"uv":[12.5,8.5,15.5,11.375],"texture":"#0","tintindex":0,"rotation":0},"west":{"uv":[12.5,8.5,15.5,11.375],"texture":"#0","tintindex":0,"rotation":0},"up":{"uv":[12.5,8.5,15.5,11.375],"texture":"#0","tintindex":0,"rotation":0},"down":{"uv":[12.5,8.5,15.5,11.375],"texture":"#0","tintindex":0,"rotation":0}}},{"from":[7.72035,6.46315,7.9017005],"to":[8.0203495,7.46315,8.2017],"rotation":{"origin":[8.020325736022949,5.94445811291504,8.186196302124024],"angle":22.5,"axis":"x"},"faces":{"north":{"uv":[12.75,10.0,16.0,11.0625],"texture":"#0","tintindex":0,"rotation":0},"east":{"uv":[12.75,10.0,16.0,11.0625],"texture":"#0","tintindex":0,"rotation":0},"south":{"uv":[12.75,10.0,16.0,11.0625],"texture":"#0","tintindex":0,"rotation":0},"west":{"uv":[12.75,10.0,16.0,11.0625],"texture":"#0","tintindex":0,"rotation":0},"up":{"uv":[12.75,10.0,16.0,11.0625],"texture":"#0","tintindex":0,"rotation":0},"down":{"uv":[12.75,10.0,16.0,11.0625],"texture":"#0","tintindex":0,"rotation":0}}},{"from":[7.6762495,7.35785,7.8387003],"to":[7.9762497,8.95785,8.1387005],"rotation":{"origin":[8.020325736022949,7.54445811291504,8.186196302124024],"angle":22.5,"axis":"z"},"faces":{"north":{"uv":[13.75,8.5,14.5938,11.0],"texture":"#0","tintindex":0,"rotation":0},"east":{"uv":[13.75,8.5,14.5938,11.0],"texture":"#0","tintindex":0,"rotation":0},"south":{"uv":[13.75,8.5,14.5938,11.0],"texture":"#0","tintindex":0,"rotation":0},"west":{"uv":[13.75,8.5,14.5938,11.0],"texture":"#0","tintindex":0,"rotation":0},"up":{"uv":[13.75,8.5,14.5938,11.0],"texture":"#0","tintindex":0,"rotation":0},"down":{"uv":[13.75,8.5,14.5938,11.0],"texture":"#0","tintindex":0,"rotation":0}}},{"from":[7.72035,6.56315,7.9017005],"to":[8.0203495,8.26315,8.2017],"rotation":{"origin":[8.020325736022949,6.74445811291504,8.186196302124024],"angle":22.5,"axis":"x"},"faces":{"north":{"uv":[14.9063,8.75,16.0,11.4063],"texture":"#0","tintindex":0,"rotation":0},"east":{"uv":[14.9063,8.75,16.0,11.4063],"texture":"#0","tintindex":0,"rotation":0},"south":{"uv":[14.9063,8.75,16.0,11.4063],"texture":"#0","tintindex":0,"rotation":0},"west":{"uv":[14.9063,8.75,16.0,11.4063],"texture":"#0","tintindex":0,"rotation":0},"up":{"uv":[14.9063,8.75,16.0,11.4063],"texture":"#0","tintindex":0,"rotation":0},"down":{"uv":[14.9063,8.75,16.0,11.4063],"texture":"#0","tintindex":0,"rotation":0}}},{"from":[7.62035,6.67605,7.7983003],"to":[7.92035,8.67605,8.098301],"rotation":{"origin":[7.920325736022949,6.74445811291504,8.186196302124024],"angle":-22.5,"axis":"x"},"faces":{"north":{"uv":[13.375,8.875,13.9688,11.125],"texture":"#0","tintindex":0,"rotation":0},"east":{"uv":[13.375,8.875,13.9688,11.125],"texture":"#0","tintindex":0,"rotation":0},"south":{"uv":[13.375,8.875,13.9688,11.125],"texture":"#0","tintindex":0,"rotation":0},"west":{"uv":[13.375,8.875,13.9688,11.125],"texture":"#0","tintindex":0,"rotation":0},"up":{"uv":[13.375,8.875,13.9688,11.125],"texture":"#0","tintindex":0,"rotation":0},"down":{"uv":[13.375,8.875,13.9688,11.125],"texture":"#0","tintindex":0,"rotation":0}}}]}