{"textures":{"0":"erethon:entity/gem_golem/texture"},"display":{"head":{"scale":[4.0,4.0,4.0],"translation":[0,-6.4,0]}},"elements":[{"from":[7.7315497,6.51975,7.8573],"to":[8.03955,9.52775,8.1653],"faces":{"north":{"uv":[12.1875,0.0,14.2813,3.1875],"texture":"#0","tintindex":0,"rotation":0},"east":{"uv":[12.8125,0.875,13.2813,2.8125],"texture":"#0","tintindex":0,"rotation":0},"south":{"uv":[12.25,0.0,14.5938,3.0625],"texture":"#0","tintindex":0,"rotation":0},"west":{"uv":[12.125,0.25,14.5938,2.6875],"texture":"#0","tintindex":0,"rotation":0},"up":{"uv":[12.25,0.0,14.3438,2.3438],"texture":"#0","tintindex":0,"rotation":0},"down":{"uv":[13.25,0.0,12.2188,2.5938],"texture":"#0","tintindex":0,"rotation":0}},"rotation":{"origin":[10.93554973602295,4.408750057220459,7.558300018310547],"angle":0.0,"axis":"x"}},{"from":[7.6762495,6.6487503,7.8613],"to":[7.9762497,8.54875,8.1613],"rotation":{"origin":[8.020325736022949,6.735358057220459,7.913796018310547],"angle":22.5,"axis":"z"},"faces":{"north":{"uv":[12.1875,0.0,14.2813,2.8438],"texture":"#0","tintindex":0,"rotation":0},"east":{"uv":[12.8125,0.875,13.2813,2.4688],"texture":"#0","tintindex":0,"rotation":0},"south":{"uv":[12.25,0.0,14.5938,2.7188],"texture":"#0","tintindex":0,"rotation":0},"west":{"uv":[12.125,0.25,14.5938,2.3438],"texture":"#0","tintindex":0,"rotation":0},"up":{"uv":[12.25,0.0,14.3438,2.3438],"texture":"#0","tintindex":0,"rotation":0},"down":{"uv":[13.25,0.0,12.2188,2.5938],"texture":"#0","tintindex":0,"rotation":0}}},{"from":[7.7796497,6.5722504,7.8613],"to":[8.07965,7.97225,8.1613],"rotation":{"origin":[8.020325736022949,6.735358057220459,7.913796018310547],"angle":-22.5,"axis":"z"},"faces":{"north":{"uv":[13.625,0.25,16.0,3.6875],"texture":"#0","tintindex":0,"rotation":0},"east":{"uv":[14.25,1.0,16.0,3.1875],"texture":"#0","tintindex":0,"rotation":0},"south":{"uv":[13.5,1.0625,15.875,3.625],"texture":"#0","tintindex":0,"rotation":0},"west":{"uv":[13.375,1.4375,15.875,3.375],"texture":"#0","tintindex":0,"rotation":0},"up":{"uv":[13.8125,1.0,15.9375,3.375],"texture":"#0","tintindex":0,"rotation":0},"down":{"uv":[15.4375,0.0625,15.8125,3.4375],"texture":"#0","tintindex":0,"rotation":0}}},{"from":[8.07965,6.47225,7.8613],"to":[8.37965,8.27225,8.1613],"rotation":{"origin":[8.32032573602295,6.735358057220459,7.913796018310547],"angle":-22.5,"axis":"z"},"faces":{"north":{"uv":[12.1875,0.0,14.2813,2.8125],"texture":"#0","tintindex":0,"rotation":0},"east":{"uv":[12.8125,0.875,13.2813,2.4375],"texture":"#0","tintindex":0,"rotation":0},"south":{"uv":[12.25,0.0,14.5938,2.6875],"texture":"#0","tintindex":0,"rotation":0},"west":{"uv":[12.125,0.25,14.5938,2.3125],"texture":"#0","tintindex":0,"rotation":0},"up":{"uv":[12.25,0.0,14.3438,2.3438],"texture":"#0","tintindex":0,"rotation":0},"down":{"uv":[13.25,0.0,12.2188,2.5938],"texture":"#0","tintindex":0,"rotation":0}}},{"from":[7.92035,6.55405,7.7983],"to":[8.22035,8.15405,8.0983],"rotation":{"origin":[8.22032573602295,6.735358057220459,7.913796018310547],"angle":-22.5,"axis":"x"},"faces":{"north":{"uv":[13.875,0.375,16.0,3.875],"texture":"#0","tintindex":0,"rotation":0},"east":{"uv":[14.125,0.9375,16.0,3.1875],"texture":"#0","tintindex":0,"rotation":0},"south":{"uv":[13.625,1.1875,16.0,3.8125],"texture":"#0","tintindex":0,"rotation":0},"west":{"uv":[13.3125,1.375,15.8125,3.375],"texture":"#0","tintindex":0,"rotation":0},"up":{"uv":[13.625,1.3125,15.75,3.6875],"texture":"#0","tintindex":0,"rotation":0},"down":{"uv":[15.625,0.125,16.0,3.5],"texture":"#0","tintindex":0,"rotation":0}}},{"from":[7.72035,6.56695,7.9017],"to":[8.0203495,7.56695,8.2017],"rotation":{"origin":[8.020325736022949,5.935358057220459,7.913796018310547],"angle":22.5,"axis":"x"},"faces":{"north":{"uv":[13.5,0.0,16.0,3.3125],"texture":"#0","tintindex":0,"rotation":0},"east":{"uv":[14.0625,0.875,16.0,2.9375],"texture":"#0","tintindex":0,"rotation":0},"south":{"uv":[13.4375,1.3125,15.8125,3.75],"texture":"#0","tintindex":0,"rotation":0},"west":{"uv":[13.5,1.5625,16.0,3.375],"texture":"#0","tintindex":0,"rotation":0},"up":{"uv":[13.875,1.1875,16.0,3.5625],"texture":"#0","tintindex":0,"rotation":0},"down":{"uv":[15.5,0.125,15.875,3.5],"texture":"#0","tintindex":0,"rotation":0}}},{"from":[7.6762495,7.34875,7.8613],"to":[7.9762497,8.94875,8.1613],"rotation":{"origin":[8.020325736022949,7.535358057220459,7.913796018310547],"angle":22.5,"axis":"z"},"faces":{"north":{"uv":[12.1875,0.0,14.2813,2.75],"texture":"#0","tintindex":0,"rotation":0},"east":{"uv":[12.8125,0.875,13.2813,2.375],"texture":"#0","tintindex":0,"rotation":0},"south":{"uv":[12.25,0.0,14.5938,2.625],"texture":"#0","tintindex":0,"rotation":0},"west":{"uv":[12.125,0.25,14.5938,2.25],"texture":"#0","tintindex":0,"rotation":0},"up":{"uv":[12.25,0.0,14.3438,2.3438],"texture":"#0","tintindex":0,"rotation":0},"down":{"uv":[13.25,0.0,12.2188,2.5938],"texture":"#0","tintindex":0,"rotation":0}}},{"from":[7.72035,6.66695,7.9017],"to":[8.0203495,8.36695,8.2017],"rotation":{"origin":[8.020325736022949,6.735358057220459,7.913796018310547],"angle":22.5,"axis":"x"},"faces":{"north":{"uv":[12.1875,0.0,14.2813,2.7813],"texture":"#0","tintindex":0,"rotation":0},"east":{"uv":[12.8125,0.875,13.2813,2.4063],"texture":"#0","tintindex":0,"rotation":0},"south":{"uv":[12.25,0.0,14.5938,2.6563],"texture":"#0","tintindex":0,"rotation":0},"west":{"uv":[12.125,0.25,14.5938,2.2813],"texture":"#0","tintindex":0,"rotation":0},"up":{"uv":[12.25,0.0,14.3438,2.3438],"texture":"#0","tintindex":0,"rotation":0},"down":{"uv":[13.25,0.0,12.2188,2.5938],"texture":"#0","tintindex":0,"rotation":0}}},{"from":[7.62035,6.55405,7.7983],"to":[7.92035,8.55405,8.0983],"rotation":{"origin":[7.920325736022949,6.735358057220459,7.913796018310547],"angle":-22.5,"axis":"x"},"faces":{"north":{"uv":[12.1875,0.0,14.2813,2.875],"texture":"#0","tintindex":0,"rotation":0},"east":{"uv":[12.8125,0.875,13.2813,2.5],"texture":"#0","tintindex":0,"rotation":0},"south":{"uv":[12.25,0.0,14.5938,2.75],"texture":"#0","tintindex":0,"rotation":0},"west":{"uv":[12.125,0.25,14.5938,2.375],"texture":"#0","tintindex":0,"rotation":0},"up":{"uv":[12.25,0.0,14.3438,2.3438],"texture":"#0","tintindex":0,"rotation":0},"down":{"uv":[13.25,0.0,12.2188,2.5938],"texture":"#0","tintindex":0,"rotation":0}}}]}