{"textures":{"0":"erethon:entity/gem_golem/texture"},"display":{"head":{"scale":[4.0,4.0,4.0],"translation":[0,-6.4,0]}},"elements":[{"from":[10.0,4.74,4.49],"to":[11.259999,6.0,10.25],"faces":{"north":{"uv":[1.5,3.25,3.25,4.75],"texture":"#0","tintindex":0,"rotation":0},"east":{"uv":[6.25,2.625,9.0,3.125],"texture":"#0","tintindex":0,"rotation":0},"south":{"uv":[4.125,7.25,6.0,8.75],"texture":"#0","tintindex":0,"rotation":0},"west":{"uv":[4.125,4.25,6.875,4.875],"texture":"#0","tintindex":0,"rotation":0},"up":{"uv":[9.25,8.0,10.625,13.0],"texture":"#0","tintindex":0,"rotation":0},"down":{"uv":[1.375,6.5,2.25,9.875],"texture":"#0","tintindex":0,"rotation":0}},"rotation":{"origin":[7.299999618530274,3.479999828338623,7.009999752044678],"angle":0.0,"axis":"x"}},{"from":[4.74,4.74,10.25],"to":[10.0,6.0,11.51],"faces":{"north":{"uv":[4.125,4.25,8.7688,5.3938],"texture":"#0","tintindex":0,"rotation":0},"east":{"uv":[1.5,3.25,3.25,4.75],"texture":"#0","tintindex":0,"rotation":0},"south":{"uv":[4.5,0.875,10.5,2.5],"texture":"#0","tintindex":0,"rotation":0},"west":{"uv":[4.125,7.25,6.0,8.75],"texture":"#0","tintindex":0,"rotation":0},"up":{"uv":[2.375,10.875,8.5188,12.0188],"texture":"#0","tintindex":0,"rotation":0},"down":{"uv":[3.0,6.875,10.1438,8.2688],"texture":"#0","tintindex":0,"rotation":0}},"rotation":{"origin":[7.299999618530274,3.479999828338623,7.009999752044678],"angle":0.0,"axis":"x"}},{"from":[10.0,6.0,10.25],"to":[11.259999,11.26,11.51],"faces":{"north":{"uv":[1.375,6.5,2.25,9.875],"texture":"#0","tintindex":0,"rotation":0},"east":{"uv":[6.25,2.625,7.375,8.0],"texture":"#0","tintindex":0,"rotation":0},"south":{"uv":[9.25,8.0,10.625,13.0],"texture":"#0","tintindex":0,"rotation":0},"west":{"uv":[6.25,4.25,6.875,8.625],"texture":"#0","tintindex":0,"rotation":0},"up":{"uv":[1.5,3.25,3.25,4.75],"texture":"#0","tintindex":0,"rotation":0},"down":{"uv":[4.125,7.25,6.0,8.75],"texture":"#0","tintindex":0,"rotation":0}},"rotation":{"origin":[7.299999618530274,3.479999828338623,7.009999752044678],"angle":0.0,"axis":"x"}}]}