{"textures":{"0":"erethon:entity/gem_golem/texture"},"display":{"head":{"scale":[4.0,4.0,4.0],"translation":[0,-6.4,0]}},"elements":[{"from":[10.0,10.0,5.7499995],"to":[11.259999,11.26,11.509999],"faces":{"north":{"uv":[7.75,1.75,8.875,3.0],"texture":"#0","tintindex":0,"rotation":0},"east":{"uv":[0.0,11.5,5.625,12.375],"texture":"#0","tintindex":0,"rotation":0},"south":{"uv":[8.75,5.125,10.625,6.75],"texture":"#0","tintindex":0,"rotation":0},"west":{"uv":[6.5,8.0,11.375,8.75],"texture":"#0","tintindex":0,"rotation":0},"up":{"uv":[4.0,3.125,4.875,7.875],"texture":"#0","tintindex":0,"rotation":0},"down":{"uv":[0.875,4.125,2.0,7.125],"texture":"#0","tintindex":0,"rotation":0}},"rotation":{"origin":[7.299999618530274,2.2599997997283934,8.269999504089355],"angle":0.0,"axis":"x"}},{"from":[10.0,4.74,4.49],"to":[11.259999,10.0,5.7499995],"faces":{"north":{"uv":[0.875,4.125,1.875,10.375],"texture":"#0","tintindex":0,"rotation":0},"east":{"uv":[0.0,5.75,1.3938,13.1438],"texture":"#0","tintindex":0,"rotation":0},"south":{"uv":[4.0,3.125,5.0,6.875],"texture":"#0","tintindex":0,"rotation":0},"west":{"uv":[5.625,3.25,6.625,8.0],"texture":"#0","tintindex":0,"rotation":0},"up":{"uv":[7.75,1.75,8.875,3.0],"texture":"#0","tintindex":0,"rotation":0},"down":{"uv":[8.75,5.125,10.625,6.75],"texture":"#0","tintindex":0,"rotation":0}},"rotation":{"origin":[7.299999618530274,2.2599997997283934,8.269999504089355],"angle":0.0,"axis":"x"}},{"from":[4.74,10.0,4.49],"to":[10.0,11.26,5.7499995],"faces":{"north":{"uv":[2.875,8.25,10.5,10.25],"texture":"#0","tintindex":0,"rotation":0},"east":{"uv":[7.75,1.75,8.875,3.0],"texture":"#0","tintindex":0,"rotation":0},"south":{"uv":[0.0,11.5,5.625,12.375],"texture":"#0","tintindex":0,"rotation":0},"west":{"uv":[8.75,5.125,10.625,6.75],"texture":"#0","tintindex":0,"rotation":0},"up":{"uv":[4.0,5.625,11.5,6.875],"texture":"#0","tintindex":0,"rotation":0},"down":{"uv":[0.875,4.125,7.125,5.5],"texture":"#0","tintindex":0,"rotation":0}},"rotation":{"origin":[7.299999618530274,2.2599997997283934,8.269999504089355],"angle":0.0,"axis":"x"}}]}