{"textures":{"0":"erethon:entity/gem_golem/texture"},"display":{"head":{"scale":[4.0,4.0,4.0],"translation":[0,-6.4,0]}},"elements":[{"from":[4.74,4.74,5.7499995],"to":[6.0,6.0,11.509999],"faces":{"north":{"uv":[1.25,4.75,2.8938,6.3938],"texture":"#0","tintindex":0,"rotation":0},"east":{"uv":[1.25,9.0,6.8,10.1438],"texture":"#0","tintindex":0,"rotation":0},"south":{"uv":[0.0,1.0,1.6438,2.3938],"texture":"#0","tintindex":0,"rotation":0},"west":{"uv":[6.625,0.75,11.05,1.6438],"texture":"#0","tintindex":0,"rotation":0},"up":{"uv":[6.375,4.75,7.3938,8.55],"texture":"#0","tintindex":0,"rotation":0},"down":{"uv":[9.0,4.125,9.8938,8.8],"texture":"#0","tintindex":0,"rotation":0}},"rotation":{"origin":[8.519999885559082,3.479999828338623,8.269999504089355],"angle":0.0,"axis":"x"}},{"from":[6.0,4.74,4.49],"to":[11.26,6.0,5.7499995],"faces":{"north":{"uv":[6.625,0.75,11.05,1.6438],"texture":"#0","tintindex":0,"rotation":0},"east":{"uv":[1.25,4.75,2.8938,6.3938],"texture":"#0","tintindex":0,"rotation":0},"south":{"uv":[1.25,9.0,6.8,10.1438],"texture":"#0","tintindex":0,"rotation":0},"west":{"uv":[0.0,1.0,1.6438,2.3938],"texture":"#0","tintindex":0,"rotation":0},"up":{"uv":[2.5,5.75,8.1438,7.3],"texture":"#0","tintindex":0,"rotation":0},"down":{"uv":[3.25,4.125,9.8938,4.425],"texture":"#0","tintindex":0,"rotation":0}},"rotation":{"origin":[8.519999885559082,3.479999828338623,8.269999504089355],"angle":0.0,"axis":"x"}},{"from":[4.74,6.0,4.49],"to":[6.0,11.26,5.7499995],"faces":{"north":{"uv":[9.0,4.125,9.8938,8.8],"texture":"#0","tintindex":0,"rotation":0},"east":{"uv":[1.25,5.125,2.675,10.1438],"texture":"#0","tintindex":0,"rotation":0},"south":{"uv":[6.375,4.75,7.3938,8.55],"texture":"#0","tintindex":0,"rotation":0},"west":{"uv":[9.5,0.75,11.05,7.1438],"texture":"#0","tintindex":0,"rotation":0},"up":{"uv":[1.25,4.75,2.8938,6.3938],"texture":"#0","tintindex":0,"rotation":0},"down":{"uv":[0.0,1.0,1.6438,2.3938],"texture":"#0","tintindex":0,"rotation":0}},"rotation":{"origin":[8.519999885559082,3.479999828338623,8.269999504089355],"angle":0.0,"axis":"x"}}]}